#	Name	Type 1	Legendary	Generation	Total	HP	Attack	Defense	Sp. Atk	Sp. Def	Speed	Generation
1	Bulbasaur	Grass	False	1	864	45	49	49	65	65	45	1
2	Ivysaur	Grass	False	1	1095	60	62	63	80	80	60	1
3	Venusaur	Grass	False	1	1415	80	82	83	100	100	80	1
3	VenusaurMega Venusaur	Grass	False	1	1715	80	100	123	122	120	80	1
4	Charmander	Fire	False	1	797	39	52	43	60	50	65	1
5	Charmeleon	Fire	False	1	1055	58	64	58	80	65	80	1
6	Charizard	Fire	False	1	1402	78	84	78	109	85	100	1
6	CharizardMega Charizard X	Fire	False	1	1702	78	130	111	130	85	100	1
6	CharizardMega Charizard Y	Fire	False	1	1702	78	104	78	159	115	100	1
7	Squirtle	Water	False	1	856	44	48	65	50	64	43	1
8	Wartortle	Water	False	1	1099	59	63	80	65	80	58	1
9	Blastoise	Water	False	1	1434	79	83	100	85	105	78	1
9	BlastoiseMega Blastoise	Water	False	1	1734	79	103	120	135	115	78	1
10	Caterpie	Bug	False	1	495	45	30	35	20	20	45	1
11	Metapod	Bug	False	1	555	50	20	55	25	25	30	1
12	Butterfree	Bug	False	1	1045	60	45	50	90	80	70	1
13	Weedle	Bug	False	1	485	40	35	30	20	20	50	1
14	Kakuna	Bug	False	1	545	45	25	50	25	25	35	1
15	Beedrill	Bug	False	1	1035	65	90	40	45	80	75	1
15	BeedrillMega Beedrill	Bug	False	1	1195	65	150	40	15	80	145	1
16	Pidgey	Normal	False	1	641	40	45	40	35	35	56	1
17	Pidgeotto	Normal	False	1	905	63	60	55	50	50	71	1
18	Pidgeot	Normal	False	1	1235	83	80	75	70	70	101	1
18	PidgeotMega Pidgeot	Normal	False	1	1495	83	80	80	135	80	121	1
19	Rattata	Normal	False	1	615	30	56	35	25	35	72	1
20	Raticate	Normal	False	1	1045	55	81	60	50	70	97	1
21	Spearow	Normal	False	1	646	40	60	30	31	31	70	1
22	Fearow	Normal	False	1	1126	65	90	65	61	61	100	1
23	Ekans	Poison	False	1	754	35	60	44	40	54	55	1
24	Arbok	Poison	False	1	1154	60	85	69	65	79	80	1
25	Pikachu	Electric	False	1	780	35	55	40	50	50	90	1
26	Raichu	Electric	False	1	1235	60	90	55	90	80	110	1
27	Sandshrew	Ground	False	1	820	50	75	85	20	30	40	1
28	Sandslash	Ground	False	1	1220	75	100	110	45	55	65	1
29	Nidoran (Female)	Poison	False	1	743	55	47	52	40	40	41	1
30	Nidorina	Poison	False	1	983	70	62	67	55	55	56	1
31	Nidoqueen	Poison	False	1	1363	90	92	87	75	85	76	1
32	Nidoran (Male)	Poison	False	1	719	46	57	40	40	40	50	1
33	Nidorino	Poison	False	1	965	61	72	57	55	55	65	1
34	Nidoking	Poison	False	1	1345	81	102	77	85	75	85	1
35	Clefairy	Fairy	False	1	899	70	45	48	60	65	35	1
36	Clefable	Fairy	False	1	1329	95	70	73	95	90	60	1
37	Vulpix	Fire	False	1	767	38	41	40	50	65	65	1
38	Ninetales	Fire	False	1	1315	73	76	75	81	100	100	1
39	Jigglypuff	Normal	False	1	770	115	45	20	45	25	20	1
40	Wigglytuff	Normal	False	1	1215	140	70	45	85	50	45	1
41	Zubat	Poison	False	1	625	40	45	35	30	40	55	1
42	Golbat	Poison	False	1	1185	75	80	70	65	75	90	1
43	Oddish	Grass	False	1	900	45	50	55	75	65	30	1
44	Gloom	Grass	False	1	1105	60	65	70	85	75	40	1
45	Vileplume	Grass	False	1	1370	75	80	85	110	90	50	1
46	Paras	Bug	False	1	805	35	70	55	45	55	25	1
47	Parasect	Bug	False	1	1155	60	95	80	60	80	30	1
48	Venonat	Bug	False	1	825	60	55	50	40	55	45	1
49	Venomoth	Bug	False	1	1170	70	65	60	90	75	90	1
50	Diglett	Ground	False	1	605	10	55	25	35	45	95	1
51	Dugtrio	Ground	False	1	975	35	80	50	50	70	120	1
52	Meowth	Normal	False	1	690	40	45	35	40	40	90	1
53	Persian	Normal	False	1	1090	65	70	60	65	65	115	1
54	Psyduck	Water	False	1	850	50	52	48	65	50	55	1
55	Golduck	Water	False	1	1330	80	82	78	95	80	85	1
56	Mankey	Fighting	False	1	775	40	80	35	35	45	70	1
57	Primeape	Fighting	False	1	1175	65	105	60	60	70	95	1
58	Growlithe	Fire	False	1	930	55	70	45	70	50	60	1
59	Arcanine	Fire	False	1	1475	90	110	80	100	80	95	1
60	Poliwag	Water	False	1	720	40	50	40	40	40	90	1
61	Poliwhirl	Water	False	1	975	65	65	65	50	50	90	1
62	Poliwrath	Water	False	1	1390	90	95	95	70	90	70	1
63	Abra	Psychic	False	1	750	25	20	15	105	55	90	1
64	Kadabra	Psychic	False	1	990	40	35	30	120	70	105	1
65	Alakazam	Psychic	False	1	1260	55	50	45	135	95	120	1
65	AlakazamMega Alakazam	Psychic	False	1	1470	55	50	65	175	95	150	1
66	Machop	Fighting	False	1	845	70	80	50	35	35	35	1
67	Machoke	Fighting	False	1	1125	80	100	70	50	60	45	1
68	Machamp	Fighting	False	1	1405	90	130	80	65	85	55	1
69	Bellsprout	Grass	False	1	820	50	75	35	70	30	40	1
70	Weepinbell	Grass	False	1	1060	65	90	50	85	45	55	1
71	Victreebel	Grass	False	1	1330	80	105	65	100	70	70	1
72	Tentacool	Water	False	1	865	40	40	35	50	100	70	1
73	Tentacruel	Water	False	1	1345	80	70	65	80	120	100	1
74	Geodude	Rock	False	1	860	40	80	100	30	30	20	1
75	Graveler	Rock	False	1	1100	55	95	115	45	45	35	1
76	Golem	Rock	False	1	1395	80	120	130	55	65	45	1
77	Ponyta	Fire	False	1	1050	50	85	55	65	65	90	1
78	Rapidash	Fire	False	1	1290	65	100	70	80	80	105	1
79	Slowpoke	Water	False	1	915	90	65	65	40	40	15	1
80	Slowbro	Water	False	1	1410	95	75	110	100	80	30	1
80	SlowbroMega Slowbro	Water	False	1	1710	95	75	180	130	80	30	1
81	Magnemite	Electric	False	1	885	25	35	70	95	55	45	1
82	Magneton	Electric	False	1	1255	50	60	95	120	70	70	1
83	Farfetch'd	Normal	False	1	936	52	65	55	58	62	60	1
84	Doduo	Normal	False	1	780	35	85	45	35	35	75	1
85	Dodrio	Normal	False	1	1180	60	110	70	60	60	100	1
86	Seel	Water	False	1	885	65	45	55	45	70	45	1
87	Dewgong	Water	False	1	1285	90	70	80	70	95	70	1
88	Grimer	Poison	False	1	925	80	80	50	40	50	25	1
89	Muk	Poison	False	1	1400	105	105	75	65	100	50	1
90	Shellder	Water	False	1	835	30	65	100	45	25	40	1
91	Cloyster	Water	False	1	1435	50	95	180	85	45	70	1
92	Gastly	Ghost	False	1	770	30	35	30	100	35	80	1
93	Haunter	Ghost	False	1	1025	45	50	45	115	55	95	1
94	Gengar	Ghost	False	1	1280	60	65	60	130	75	110	1
94	GengarMega Gengar	Ghost	False	1	1540	60	65	80	170	95	130	1
95	Onix	Rock	False	1	1015	35	45	160	30	45	70	1
96	Drowzee	Psychic	False	1	900	60	48	45	43	90	42	1
97	Hypno	Psychic	False	1	1315	85	73	70	73	115	67	1
98	Krabby	Water	False	1	875	30	105	90	25	25	50	1
99	Kingler	Water	False	1	1275	55	130	115	50	50	75	1
100	Voltorb	Electric	False	1	790	40	30	50	55	55	100	1
101	Electrode	Electric	False	1	1160	60	50	70	80	80	140	1
102	Exeggcute	Grass	False	1	895	60	40	80	60	45	40	1
103	Exeggutor	Grass	False	1	1450	95	95	85	125	65	55	1
104	Cubone	Ground	False	1	890	50	50	95	40	50	35	1
105	Marowak	Ground	False	1	1185	60	80	110	50	80	45	1
106	Hitmonlee	Fighting	False	1	1191	50	120	53	35	110	87	1
107	Hitmonchan	Fighting	False	1	1213	50	105	79	35	110	76	1
108	Lickitung	Normal	False	1	1095	90	55	75	60	75	30	1
109	Koffing	Poison	False	1	950	40	65	95	60	45	35	1
110	Weezing	Poison	False	1	1350	65	90	120	85	70	60	1
111	Rhyhorn	Ground	False	1	985	80	85	95	30	30	25	1
112	Rhydon	Ground	False	1	1375	105	130	120	45	45	40	1
113	Chansey	Normal	False	1	1250	250	5	5	35	105	50	1
114	Tangela	Grass	False	1	1185	65	55	115	100	40	60	1
115	Kangaskhan	Normal	False	1	1290	105	95	80	40	80	90	1
115	KangaskhanMega Kangaskhan	Normal	False	1	1570	105	125	100	60	100	100	1
116	Horsea	Water	False	1	765	30	40	70	70	25	60	1
117	Seadra	Water	False	1	1150	55	65	95	95	45	85	1
118	Goldeen	Water	False	1	834	45	67	60	35	50	63	1
119	Seaking	Water	False	1	1214	80	92	65	65	80	68	1
120	Staryu	Water	False	1	850	30	45	55	70	55	85	1
121	Starmie	Water	False	1	1330	60	75	85	100	85	115	1
122	Mr. Mime	Psychic	False	1	1200	40	45	65	100	120	90	1
123	Scyther	Bug	False	1	1290	70	110	80	55	80	105	1
124	Jynx	Ice	False	1	1175	65	50	35	115	95	95	1
125	Electabuzz	Electric	False	1	1260	65	83	57	95	85	105	1
126	Magmar	Fire	False	1	1299	65	95	57	100	85	93	1
127	Pinsir	Bug	False	1	1330	65	125	100	55	70	85	1
127	PinsirMega Pinsir	Bug	False	1	1590	65	155	120	65	90	105	1
128	Tauros	Normal	False	1	1250	75	100	95	40	70	110	1
129	Magikarp	Water	False	1	440	20	10	55	15	20	80	1
130	Gyarados	Water	False	1	1458	95	125	79	60	100	81	1
130	GyaradosMega Gyarados	Water	False	1	1758	95	155	109	70	130	81	1
131	Lapras	Water	False	1	1485	130	85	80	85	95	60	1
132	Ditto	Normal	False	1	768	48	48	48	48	48	48	1
133	Eevee	Normal	False	1	865	55	55	50	45	65	55	1
134	Vaporeon	Water	False	1	1445	130	65	60	110	95	65	1
135	Jolteon	Electric	False	1	1315	65	65	60	110	95	130	1
136	Flareon	Fire	False	1	1445	65	130	60	95	110	65	1
137	Porygon	Normal	False	1	1105	65	60	70	85	75	40	1
138	Omanyte	Rock	False	1	995	35	40	100	90	55	35	1
139	Omastar	Rock	False	1	1375	70	60	125	115	70	55	1
140	Kabuto	Rock	False	1	955	30	80	90	55	45	55	1
141	Kabutops	Rock	False	1	1325	60	115	105	65	70	80	1
142	Aerodactyl	Rock	False	1	1285	80	105	65	60	75	130	1
142	AerodactylMega Aerodactyl	Rock	False	1	1545	80	135	85	70	95	150	1
143	Snorlax	Normal	False	1	1560	160	110	65	65	110	30	1
144	Articuno	Ice	True	1	1570	90	85	100	95	125	85	1
145	Zapdos	Electric	True	1	1540	90	90	85	125	90	100	1
146	Moltres	Fire	True	1	1560	90	100	90	125	85	90	1
147	Dratini	Dragon	False	1	800	41	64	45	50	50	50	1
148	Dragonair	Dragon	False	1	1120	61	84	65	70	70	70	1
149	Dragonite	Dragon	False	1	1640	91	134	95	100	100	80	1
150	Mewtwo	Psychic	True	1	1780	106	110	90	154	90	130	1
150	MewtwoMega Mewtwo X	Psychic	True	1	2080	106	190	100	154	100	130	1
150	MewtwoMega Mewtwo Y	Psychic	True	1	2060	106	150	70	194	120	140	1
151	Mew	Psychic	False	1	1600	100	100	100	100	100	100	1
152	Chikorita	Grass	False	2	864	45	49	65	49	65	45	2
153	Bayleef	Grass	False	2	1095	60	62	80	63	80	60	2
154	Meganium	Grass	False	2	1415	80	82	100	83	100	80	2
155	Cyndaquil	Fire	False	2	797	39	52	43	60	50	65	2
156	Quilava	Fire	False	2	1055	58	64	58	80	65	80	2
157	Typhlosion	Fire	False	2	1402	78	84	78	109	85	100	2
158	Totodile	Water	False	2	856	50	65	64	44	48	43	2
159	Croconaw	Water	False	2	1099	65	80	80	59	63	58	2
160	Feraligatr	Water	False	2	1434	85	105	100	79	83	78	2
161	Sentret	Normal	False	2	605	35	46	34	35	45	20	2
162	Furret	Normal	False	2	1065	85	76	64	45	55	90	2
163	Hoothoot	Normal	False	2	686	60	30	30	36	56	50	2
164	Noctowl	Normal	False	2	1186	100	50	50	76	96	70	2
165	Ledyba	Bug	False	2	685	40	20	30	40	80	55	2
166	Ledian	Bug	False	2	1000	55	35	50	55	110	85	2
167	Spinarak	Bug	False	2	690	40	60	40	40	40	30	2
168	Ariados	Bug	False	2	1090	70	90	70	60	60	40	2
169	Crobat	Poison	False	2	1345	85	90	80	70	80	130	2
170	Chinchou	Water	False	2	856	75	38	38	56	56	67	2
171	Lanturn	Water	False	2	1246	125	58	58	76	76	67	2
172	Pichu	Electric	False	2	495	20	40	15	35	35	60	2
173	Cleffa	Fairy	False	2	624	50	25	28	45	55	15	2
174	Igglybuff	Normal	False	2	600	90	30	15	40	20	15	2
175	Togepi	Fairy	False	2	695	35	20	65	40	65	20	2
176	Togetic	Fairy	False	2	1135	55	40	85	80	105	40	2
177	Natu	Psychic	False	2	820	40	50	45	70	45	70	2
178	Xatu	Psychic	False	2	1220	65	75	70	95	70	95	2
179	Mareep	Electric	False	2	770	55	40	40	65	45	35	2
180	Flaaffy	Electric	False	2	1005	70	55	55	80	60	45	2
181	Ampharos	Electric	False	2	1420	90	75	85	115	90	55	2
181	AmpharosMega Ampharos	Electric	False	2	1740	90	95	105	165	110	45	2
182	Bellossom	Grass	False	2	1370	75	80	95	90	100	50	2
183	Marill	Water	False	2	670	70	20	50	20	50	40	2
184	Azumarill	Water	False	2	1160	100	50	80	60	80	50	2
185	Sudowoodo	Rock	False	2	1170	70	100	115	30	65	30	2
186	Politoed	Water	False	2	1360	90	75	75	90	100	70	2
187	Hoppip	Grass	False	2	650	35	35	40	35	55	50	2
188	Skiploom	Grass	False	2	860	55	45	50	45	65	80	2
189	Jumpluff	Grass	False	2	1160	75	55	70	55	95	110	2
190	Aipom	Normal	False	2	910	55	70	55	40	55	85	2
191	Sunkern	Grass	False	2	480	30	30	30	30	30	30	2
192	Sunflora	Grass	False	2	1215	75	75	55	105	85	30	2
193	Yanma	Bug	False	2	980	65	65	45	75	45	95	2
194	Wooper	Water	False	2	600	55	45	45	25	25	15	2
195	Quagsire	Water	False	2	1220	95	85	85	65	65	35	2
196	Espeon	Psychic	False	2	1355	65	65	60	130	95	110	2
197	Umbreon	Dark	False	2	1445	95	65	110	60	130	65	2
198	Murkrow	Dark	False	2	1033	60	85	42	85	42	91	2
199	Slowking	Water	False	2	1410	95	75	80	100	110	30	2
200	Misdreavus	Ghost	False	2	1135	60	60	60	85	85	85	2
201	Unown	Psychic	False	2	912	48	72	48	72	48	48	2
202	Wobbuffet	Psychic	False	2	1149	190	33	58	33	58	33	2
203	Girafarig	Normal	False	2	1195	70	80	65	90	65	85	2
204	Pineco	Bug	False	2	840	50	65	90	35	35	15	2
205	Forretress	Bug	False	2	1315	75	90	140	60	60	40	2
206	Dunsparce	Normal	False	2	1155	100	70	70	65	65	45	2
207	Gligar	Ground	False	2	1120	65	75	105	35	65	85	2
208	Steelix	Steel	False	2	1470	75	85	200	55	65	30	2
208	SteelixMega Steelix	Steel	False	2	1770	75	125	230	55	95	30	2
209	Snubbull	Fairy	False	2	840	60	80	50	40	40	30	2
210	Granbull	Fairy	False	2	1260	90	120	75	60	60	45	2
211	Qwilfish	Water	False	2	1120	65	95	75	55	55	85	2
212	Scizor	Bug	False	2	1370	70	130	100	55	80	65	2
212	ScizorMega Scizor	Bug	False	2	1650	70	150	140	65	100	75	2
213	Shuckle	Bug	False	2	1505	20	10	230	10	230	5	2
214	Heracross	Bug	False	2	1330	80	125	75	40	95	85	2
214	HeracrossMega Heracross	Bug	False	2	1650	80	185	115	40	105	75	2
215	Sneasel	Dark	False	2	1060	55	95	55	35	75	115	2
216	Teddiursa	Normal	False	2	910	60	80	50	50	50	40	2
217	Ursaring	Normal	False	2	1390	90	130	75	75	75	55	2
218	Slugma	Fire	False	2	710	40	40	40	70	40	20	2
219	Magcargo	Fire	False	2	1170	50	50	120	80	80	30	2
220	Swinub	Ice	False	2	650	50	50	40	30	30	50	2
221	Piloswine	Ice	False	2	1250	100	100	80	60	60	50	2
222	Corsola	Water	False	2	1070	55	55	85	65	85	35	2
223	Remoraid	Water	False	2	770	35	65	35	65	35	65	2
224	Octillery	Water	False	2	1350	75	105	75	105	75	45	2
225	Delibird	Ice	False	2	840	45	55	45	65	45	75	2
226	Mantine	Water	False	2	1255	65	40	70	80	140	70	2
227	Skarmory	Steel	False	2	1255	65	80	140	40	70	70	2
228	Houndour	Dark	False	2	860	45	60	30	80	50	65	2
229	Houndoom	Dark	False	2	1310	75	90	50	110	80	95	2
229	HoundoomMega Houndoom	Dark	False	2	1570	75	90	90	140	90	115	2
230	Kingdra	Water	False	2	1450	75	95	95	95	95	85	2
231	Phanpy	Ground	False	2	910	90	60	60	40	40	40	2
232	Donphan	Ground	False	2	1400	90	120	120	60	60	50	2
233	Porygon2	Normal	False	2	1425	85	80	90	105	95	60	2
234	Stantler	Normal	False	2	1225	73	95	62	85	65	85	2
235	Smeargle	Normal	False	2	600	55	20	35	20	45	75	2
236	Tyrogue	Fighting	False	2	560	35	35	35	35	35	35	2
237	Hitmontop	Fighting	False	2	1225	50	95	95	35	110	70	2
238	Smoochum	Ice	False	2	785	45	30	15	85	65	65	2
239	Elekid	Electric	False	2	890	45	63	37	65	55	95	2
240	Magby	Fire	False	2	929	45	75	37	70	55	83	2
241	Miltank	Normal	False	2	1270	95	80	105	40	70	100	2
242	Blissey	Normal	False	2	1510	255	10	10	75	135	55	2
243	Raikou	Electric	True	2	1510	90	85	75	115	100	115	2
244	Entei	Fire	True	2	1540	115	115	85	90	75	100	2
245	Suicune	Water	True	2	1570	100	75	115	90	115	85	2
246	Larvitar	Rock	False	2	818	50	64	50	45	50	41	2
247	Pupitar	Rock	False	2	1128	70	84	70	65	70	51	2
248	Tyranitar	Rock	False	2	1678	100	134	110	95	100	61	2
248	TyranitarMega Tyranitar	Rock	False	2	1958	100	164	150	95	120	71	2
249	Lugia	Psychic	True	2	1820	106	90	130	90	154	110	2
250	Ho-oh	Fire	True	2	1860	106	130	90	110	154	90	2
251	Celebi	Psychic	False	2	1600	100	100	100	100	100	100	2
252	Treecko	Grass	False	3	790	40	45	35	65	55	70	3
253	Grovyle	Grass	False	3	1025	50	65	45	85	65	95	3
254	Sceptile	Grass	False	3	1350	70	85	65	105	85	120	3
254	SceptileMega Sceptile	Grass	False	3	1600	70	110	75	145	85	145	3
255	Torchic	Fire	False	3	840	45	60	40	70	50	45	3
256	Combusken	Fire	False	3	1105	60	85	60	85	60	55	3
257	Blaziken	Fire	False	3	1430	80	120	70	110	70	80	3
257	BlazikenMega Blaziken	Fire	False	3	1690	80	160	80	130	80	100	3
258	Mudkip	Water	False	3	850	50	70	50	50	50	40	3
259	Marshtomp	Water	False	3	1115	70	85	70	60	70	50	3
260	Swampert	Water	False	3	1485	100	110	90	85	90	60	3
260	SwampertMega Swampert	Water	False	3	1765	100	150	110	95	110	70	3
261	Poochyena	Dark	False	3	590	35	55	35	30	30	35	3
262	Mightyena	Dark	False	3	1120	70	90	70	60	60	70	3
263	Zigzagoon	Normal	False	3	600	38	30	41	30	41	60	3
264	Linoone	Normal	False	3	1060	78	70	61	50	61	100	3
265	Wurmple	Bug	False	3	545	45	45	35	20	30	20	3
266	Silcoon	Bug	False	3	585	50	35	55	25	25	15	3
267	Beautifly	Bug	False	3	1055	60	70	50	100	50	65	3
268	Cascoon	Bug	False	3	585	50	35	55	25	25	15	3
269	Dustox	Bug	False	3	1025	60	50	70	50	90	65	3
270	Lotad	Water	False	3	600	40	30	30	40	50	30	3
271	Lombre	Water	False	3	920	60	50	50	60	70	50	3
272	Ludicolo	Water	False	3	1300	80	70	70	90	100	70	3
273	Seedot	Grass	False	3	600	40	40	50	30	30	30	3
274	Nuzleaf	Grass	False	3	900	70	70	40	60	40	60	3
275	Shiftry	Grass	False	3	1280	90	100	60	90	60	80	3
276	Taillow	Normal	False	3	640	40	55	30	30	30	85	3
277	Swellow	Normal	False	3	1040	60	85	60	50	50	125	3
278	Wingull	Water	False	3	640	40	30	30	55	30	85	3
279	Pelipper	Water	False	3	1160	60	50	100	85	70	65	3
280	Ralts	Psychic	False	3	514	28	25	25	45	35	40	3
281	Kirlia	Psychic	False	3	734	38	35	35	65	55	50	3
282	Gardevoir	Psychic	False	3	1394	68	65	65	125	115	80	3
282	GardevoirMega Gardevoir	Psychic	False	3	1654	68	85	65	165	135	100	3
283	Surskit	Bug	False	3	677	40	30	32	50	52	65	3
284	Masquerain	Bug	False	3	1122	70	60	62	80	82	60	3
285	Shroomish	Grass	False	3	815	60	40	60	40	60	35	3
286	Breloom	Grass	False	3	1240	60	130	80	60	60	70	3
287	Slakoth	Normal	False	3	780	60	60	60	35	35	30	3
288	Vigoroth	Normal	False	3	1140	80	80	80	55	55	90	3
289	Slaking	Normal	False	3	1810	150	160	100	95	65	100	3
290	Nincada	Bug	False	3	718	31	45	90	30	30	40	3
291	Ninjask	Bug	False	3	1048	61	90	45	50	50	160	3
292	Shedinja	Bug	False	3	628	1	90	45	30	30	40	3
293	Whismur	Normal	False	3	664	64	51	23	51	23	28	3
294	Loudred	Normal	False	3	984	84	71	43	71	43	48	3
295	Exploud	Normal	False	3	1334	104	91	63	91	73	68	3
296	Makuhita	Fighting	False	3	661	72	60	30	20	30	25	3
297	Hariyama	Fighting	False	3	1322	144	120	60	40	60	50	3
298	Azurill	Normal	False	3	530	50	20	40	20	40	20	3
299	Nosepass	Rock	False	3	1065	30	45	135	45	90	30	3
300	Skitty	Normal	False	3	680	50	45	45	35	35	50	3
301	Delcatty	Normal	False	3	1000	70	65	65	55	55	70	3
302	Sableye	Dark	False	3	1040	50	75	75	65	65	50	3
302	SableyeMega Sableye	Dark	False	3	1400	50	85	125	85	115	20	3
303	Mawile	Steel	False	3	1040	50	85	85	55	55	50	3
303	MawileMega Mawile	Steel	False	3	1340	50	105	125	55	95	50	3
304	Aron	Steel	False	3	930	50	70	100	40	40	30	3
305	Lairon	Steel	False	3	1210	60	90	140	50	50	40	3
306	Aggron	Steel	False	3	1490	70	110	180	60	60	50	3
306	AggronMega Aggron	Steel	False	3	1790	70	140	230	60	80	50	3
307	Meditite	Fighting	False	3	720	30	40	55	40	55	60	3
308	Medicham	Fighting	False	3	1070	60	60	75	60	75	80	3
308	MedichamMega Medicham	Fighting	False	3	1330	60	100	85	80	85	100	3
309	Electrike	Electric	False	3	755	40	45	40	65	40	65	3
310	Manectric	Electric	False	3	1215	70	75	60	105	60	105	3
310	ManectricMega Manectric	Electric	False	3	1455	70	75	80	135	80	135	3
311	Plusle	Electric	False	3	1025	60	50	40	85	75	95	3
312	Minun	Electric	False	3	1025	60	40	50	75	85	95	3
313	Volbeat	Bug	False	3	1030	65	73	55	47	75	85	3
314	Illumise	Bug	False	3	1030	65	47	55	73	75	85	3
315	Roselia	Grass	False	3	1070	50	60	45	100	80	65	3
316	Gulpin	Poison	False	3	826	70	43	53	43	53	40	3
317	Swalot	Poison	False	3	1291	100	73	83	73	83	55	3
318	Carvanha	Water	False	3	785	45	90	20	65	20	65	3
319	Sharpedo	Water	False	3	1190	70	120	40	95	40	95	3
319	SharpedoMega Sharpedo	Water	False	3	1470	70	140	70	110	65	105	3
320	Wailmer	Water	False	3	1080	130	70	35	70	35	60	3
321	Wailord	Water	False	3	1380	170	90	45	90	45	60	3
322	Numel	Fire	False	3	845	60	60	40	65	45	35	3
323	Camerupt	Fire	False	3	1300	70	100	70	105	75	40	3
323	CameruptMega Camerupt	Fire	False	3	1640	70	120	100	145	105	20	3
324	Torkoal	Fire	False	3	1370	70	85	140	85	70	20	3
325	Spoink	Psychic	False	3	870	60	25	35	70	80	60	3
326	Grumpig	Psychic	False	3	1250	80	45	65	90	110	80	3
327	Spinda	Normal	False	3	960	60	60	60	60	60	60	3
328	Trapinch	Ground	False	3	850	45	100	45	45	45	10	3
329	Vibrava	Ground	False	3	880	50	70	50	50	50	70	3
330	Flygon	Ground	False	3	1360	80	100	80	80	80	100	3
331	Cacnea	Grass	False	3	935	50	85	40	85	40	35	3
332	Cacturne	Grass	False	3	1315	70	115	60	115	60	55	3
333	Swablu	Normal	False	3	830	45	40	60	40	75	50	3
334	Altaria	Dragon	False	3	1310	75	70	90	70	105	80	3
334	AltariaMega Altaria	Dragon	False	3	1610	75	110	110	110	105	80	3
335	Zangoose	Normal	False	3	1194	73	115	60	60	60	90	3
336	Seviper	Poison	False	3	1244	73	100	60	100	60	65	3
337	Lunatone	Rock	False	3	1180	70	55	65	95	85	70	3
338	Solrock	Rock	False	3	1180	70	95	85	55	65	70	3
339	Barboach	Water	False	3	744	50	48	43	46	41	60	3
340	Whiscash	Water	False	3	1284	110	78	73	76	71	60	3
341	Corphish	Water	False	3	854	43	80	65	50	35	35	3
342	Crawdaunt	Water	False	3	1294	63	120	85	90	55	55	3
343	Baltoy	Ground	False	3	790	40	40	55	40	70	55	3
344	Claydol	Ground	False	3	1350	60	70	105	70	120	75	3
345	Lileep	Rock	False	3	1019	66	41	77	61	87	23	3
346	Cradily	Rock	False	3	1399	86	81	97	81	107	43	3
347	Anorith	Rock	False	3	915	45	95	50	40	50	75	3
348	Armaldo	Rock	False	3	1395	75	125	100	70	80	45	3
349	Feebas	Water	False	3	440	20	15	20	10	55	80	3
350	Milotic	Water	False	3	1458	95	60	79	100	125	81	3
351	Castform	Normal	False	3	1120	70	70	70	70	70	70	3
352	Kecleon	Normal	False	3	1240	60	90	70	60	120	40	3
353	Shuppet	Ghost	False	3	795	44	75	35	63	33	45	3
354	Banette	Ghost	False	3	1235	64	115	65	83	63	65	3
354	BanetteMega Banette	Ghost	False	3	1515	64	165	75	93	83	75	3
355	Duskull	Ghost	False	3	835	20	40	90	30	90	25	3
356	Dusclops	Ghost	False	3	1315	40	70	130	60	130	25	3
357	Tropius	Grass	False	3	1278	99	68	83	72	87	51	3
358	Chimecho	Psychic	False	3	1145	65	50	70	95	80	65	3
359	Absol	Dark	False	3	1245	65	130	60	75	60	75	3
359	AbsolMega Absol	Dark	False	3	1465	65	150	60	115	60	115	3
360	Wynaut	Psychic	False	3	734	95	23	48	23	48	23	3
361	Snorunt	Ice	False	3	800	50	50	50	50	50	50	3
362	Glalie	Ice	False	3	1280	80	80	80	80	80	80	3
362	GlalieMega Glalie	Ice	False	3	1540	80	120	80	120	80	100	3
363	Spheal	Ice	False	3	820	70	40	50	55	50	25	3
364	Sealeo	Ice	False	3	1140	90	60	70	75	70	45	3
365	Walrein	Ice	False	3	1460	110	80	90	95	90	65	3
366	Clamperl	Water	False	3	971	35	64	85	74	55	32	3
367	Huntail	Water	False	3	1351	55	104	105	94	75	52	3
368	Gorebyss	Water	False	3	1351	55	84	105	114	75	52	3
369	Relicanth	Water	False	3	1345	100	90	130	45	65	55	3
370	Luvdisc	Water	False	3	796	43	30	55	40	65	97	3
371	Bagon	Dragon	False	3	800	45	75	60	40	30	50	3
372	Shelgon	Dragon	False	3	1160	65	95	100	60	50	50	3
373	Salamence	Dragon	False	3	1600	95	135	80	110	80	100	3
373	SalamenceMega Salamence	Dragon	False	3	1860	95	145	130	120	90	120	3
374	Beldum	Steel	False	3	840	40	55	80	35	60	30	3
375	Metang	Steel	False	3	1160	60	75	100	55	80	50	3
376	Metagross	Steel	False	3	1660	80	135	130	95	90	70	3
376	MetagrossMega Metagross	Steel	False	3	1880	80	145	150	105	110	110	3
377	Regirock	Rock	True	3	1640	80	100	200	50	100	50	3
378	Regice	Ice	True	3	1640	80	50	100	100	200	50	3
379	Registeel	Steel	True	3	1640	80	75	150	75	150	50	3
380	Latias	Dragon	True	3	1580	80	80	90	110	130	110	3
380	LatiasMega Latias	Dragon	True	3	1880	80	100	120	140	150	110	3
381	Latios	Dragon	True	3	1580	80	90	80	130	110	110	3
381	LatiosMega Latios	Dragon	True	3	1880	80	130	100	160	120	110	3
382	Kyogre	Water	True	3	1830	100	100	90	150	140	90	3
382	KyogrePrimal Kyogre	Water	True	3	2130	100	150	90	180	160	90	3
383	Groudon	Ground	True	3	1830	100	150	140	100	90	90	3
383	GroudonPrimal Groudon	Ground	True	3	2130	100	180	160	150	90	90	3
384	Rayquaza	Dragon	True	3	1850	105	150	90	150	90	95	3
384	RayquazaMega Rayquaza	Dragon	True	3	2110	105	180	100	180	100	115	3
385	Jirachi	Steel	True	3	1600	100	100	100	100	100	100	3
386	DeoxysNormal Forme	Psychic	True	3	1500	50	150	50	150	50	150	3
386	DeoxysAttack Forme	Psychic	True	3	1500	50	180	20	180	20	150	3
386	DeoxysDefense Forme	Psychic	True	3	1620	50	70	160	70	160	90	3
386	DeoxysSpeed Forme	Psychic	True	3	1440	50	95	90	95	90	180	3
387	Turtwig	Grass	False	4	892	55	68	64	45	55	31	4
388	Grotle	Grass	False	4	1143	75	89	85	55	65	36	4
389	Torterra	Grass	False	4	1463	95	109	105	75	85	56	4
390	Chimchar	Fire	False	4	805	44	58	44	58	44	61	4
391	Monferno	Fire	False	4	1053	64	78	52	78	52	81	4
392	Infernape	Fire	False	4	1386	76	104	71	104	71	108	4
393	Piplup	Water	False	4	862	53	51	53	61	56	40	4
394	Prinplup	Water	False	4	1115	64	66	68	81	76	50	4
395	Empoleon	Water	False	4	1470	84	86	88	111	101	60	4
396	Starly	Normal	False	4	615	40	55	30	30	30	60	4
397	Staravia	Normal	False	4	860	55	75	50	40	40	80	4
398	Staraptor	Normal	False	4	1255	85	120	70	50	60	100	4
399	Bidoof	Normal	False	4	688	59	45	40	35	40	31	4
400	Bibarel	Normal	False	4	1088	79	85	60	55	60	71	4
401	Kricketot	Bug	False	4	532	37	25	41	25	41	25	4
402	Kricketune	Bug	False	4	1022	77	85	51	55	51	65	4
403	Shinx	Electric	False	4	699	45	65	34	40	34	45	4
404	Luxio	Electric	False	4	969	60	85	49	60	49	60	4
405	Luxray	Electric	False	4	1429	80	120	79	95	79	70	4
406	Budew	Grass	False	4	730	40	30	35	50	70	55	4
407	Roserade	Grass	False	4	1365	60	70	65	125	105	90	4
408	Cranidos	Rock	False	4	934	67	125	40	30	30	58	4
409	Rampardos	Rock	False	4	1369	97	165	60	65	50	58	4
410	Shieldon	Rock	False	4	990	30	42	118	42	88	30	4
411	Bastiodon	Rock	False	4	1425	60	52	168	47	138	30	4
412	Burmy	Bug	False	4	600	40	29	45	29	45	36	4
413	WormadamPlant Cloak	Bug	False	4	1200	60	59	85	79	105	36	4
413	WormadamSandy Cloak	Bug	False	4	1200	60	79	105	59	85	36	4
413	WormadamTrash Cloak	Bug	False	4	1200	60	69	95	69	95	36	4
414	Mothim	Bug	False	4	1140	70	94	50	94	50	66	4
415	Combee	Bug	False	4	592	30	30	42	30	42	70	4
416	Vespiquen	Bug	False	4	1342	70	80	102	80	102	40	4
417	Pachirisu	Electric	False	4	1025	60	45	70	45	90	95	4
418	Buizel	Water	False	4	820	55	65	35	60	30	85	4
419	Floatzel	Water	False	4	1255	85	105	55	85	50	115	4
420	Cherubi	Grass	False	4	755	45	35	45	62	53	35	4
421	Cherrim	Grass	False	4	1180	70	60	70	87	78	85	4
422	Shellos	Water	False	4	907	76	48	48	57	62	34	4
423	Gastrodon	Water	False	4	1347	111	83	68	92	82	39	4
424	Ambipom	Normal	False	4	1216	75	100	66	60	66	115	4
425	Drifloon	Ghost	False	4	904	90	50	34	60	44	70	4
426	Drifblim	Ghost	False	4	1334	150	80	44	90	54	80	4
427	Buneary	Normal	False	4	880	55	66	44	44	56	85	4
428	Lopunny	Normal	False	4	1230	65	76	84	54	96	105	4
428	LopunnyMega Lopunny	Normal	False	4	1470	65	136	94	54	96	135	4
429	Mismagius	Ghost	False	4	1275	60	60	60	105	105	105	4
430	Honchkrow	Dark	False	4	1373	100	125	52	105	52	71	4
431	Glameow	Normal	False	4	760	49	55	42	42	37	85	4
432	Purugly	Normal	False	4	1132	71	82	64	64	59	112	4
433	Chingling	Psychic	False	4	765	45	30	50	65	50	45	4
434	Stunky	Poison	False	4	839	63	63	47	41	41	74	4
435	Skuntank	Poison	False	4	1269	103	93	67	71	61	84	4
436	Bronzor	Steel	False	4	854	57	24	86	24	86	23	4
437	Bronzong	Steel	False	4	1434	67	89	116	79	116	33	4
438	Bonsly	Rock	False	4	850	50	80	95	10	45	10	4
439	Mime Jr.	Psychic	False	4	810	20	25	45	70	90	60	4
440	Happiny	Normal	False	4	600	100	5	5	15	65	30	4
441	Chatot	Normal	False	4	1051	76	65	45	92	42	91	4
442	Spiritomb	Ghost	False	4	1385	50	92	108	92	108	35	4
443	Gible	Dragon	False	4	816	58	70	45	40	45	42	4
444	Gabite	Dragon	False	4	1066	68	90	65	50	55	82	4
445	Garchomp	Dragon	False	4	1596	108	130	95	80	85	102	4
445	GarchompMega Garchomp	Dragon	False	4	1916	108	170	115	120	95	92	4
446	Munchlax	Normal	False	4	1160	135	85	40	40	85	5	4
447	Riolu	Fighting	False	4	735	40	70	40	35	40	60	4
448	Lucario	Fighting	False	4	1395	70	110	70	115	70	90	4
448	LucarioMega Lucario	Fighting	False	4	1651	70	145	88	140	70	112	4
449	Hippopotas	Ground	False	4	926	68	72	78	38	42	32	4
450	Hippowdon	Ground	False	4	1481	108	112	118	68	72	47	4
451	Skorupi	Poison	False	4	860	40	50	90	30	55	65	4
452	Drapion	Poison	False	4	1310	70	90	110	60	75	95	4
453	Croagunk	Poison	False	4	800	48	61	40	61	40	50	4
454	Toxicroak	Poison	False	4	1300	83	106	65	86	65	85	4
455	Carnivine	Grass	False	4	1270	74	100	72	90	72	46	4
456	Finneon	Water	False	4	858	49	49	56	49	61	66	4
457	Lumineon	Water	False	4	1198	69	69	76	69	86	91	4
458	Mantyke	Water	False	4	935	45	20	50	60	120	50	4
459	Snover	Grass	False	4	922	60	62	50	62	60	40	4
460	Abomasnow	Grass	False	4	1362	90	92	75	92	85	60	4
460	AbomasnowMega Abomasnow	Grass	False	4	1722	90	132	105	132	105	30	4
461	Weavile	Dark	False	4	1280	70	120	65	45	85	125	4
462	Magnezone	Electric	False	4	1485	70	70	115	130	90	60	4
463	Lickilicky	Normal	False	4	1445	110	85	95	80	95	50	4
464	Rhyperior	Ground	False	4	1525	115	140	130	55	55	40	4
465	Tangrowth	Grass	False	4	1505	100	100	125	110	50	50	4
466	Electivire	Electric	False	4	1430	75	123	67	95	85	95	4
467	Magmortar	Fire	False	4	1454	75	95	67	125	95	83	4
468	Togekiss	Fairy	False	4	1475	85	50	95	120	115	80	4
469	Yanmega	Bug	False	4	1355	86	76	86	116	56	95	4
470	Leafeon	Grass	False	4	1385	65	110	130	60	65	95	4
471	Glaceon	Ice	False	4	1445	65	60	110	130	95	65	4
472	Gliscor	Ground	False	4	1340	75	95	125	45	75	95	4
473	Mamoswine	Ice	False	4	1430	110	130	80	70	60	80	4
474	Porygon-Z	Normal	False	4	1425	85	80	70	135	75	90	4
475	Gallade	Psychic	False	4	1394	68	125	65	65	115	80	4
475	GalladeMega Gallade	Psychic	False	4	1634	68	165	95	65	115	110	4
476	Probopass	Rock	False	4	1495	60	55	145	75	150	40	4
477	Dusknoir	Ghost	False	4	1485	45	100	135	65	135	45	4
478	Froslass	Ice	False	4	1220	70	80	70	80	70	110	4
479	Rotom	Electric	False	4	1138	50	50	77	95	77	91	4
479	RotomHeat Rotom	Electric	False	4	1388	50	65	107	105	107	86	4
479	RotomWash Rotom	Electric	False	4	1388	50	65	107	105	107	86	4
479	RotomFrost Rotom	Electric	False	4	1388	50	65	107	105	107	86	4
479	RotomFan Rotom	Electric	False	4	1388	50	65	107	105	107	86	4
479	RotomMow Rotom	Electric	False	4	1388	50	65	107	105	107	86	4
480	Uxie	Psychic	True	4	1550	75	75	130	75	130	95	4
481	Mesprit	Psychic	True	4	1580	80	105	105	105	105	80	4
482	Azelf	Psychic	True	4	1510	75	125	70	125	70	115	4
483	Dialga	Steel	True	4	1860	100	120	120	150	100	90	4
484	Palkia	Water	True	4	1840	90	120	100	150	120	100	4
485	Heatran	Fire	True	4	1646	91	90	106	130	106	77	4
486	Regigigas	Normal	True	4	1810	110	160	110	80	110	100	4
487	GiratinaAltered Forme	Ghost	True	4	1860	150	100	120	100	120	90	4
487	GiratinaOrigin Forme	Ghost	True	4	1860	150	120	100	120	100	90	4
488	Cresselia	Psychic	False	4	1630	120	70	120	75	130	85	4
489	Phione	Water	False	4	1280	80	80	80	80	80	80	4
490	Manaphy	Water	False	4	1600	100	100	100	100	100	100	4
491	Darkrai	Dark	True	4	1550	70	90	90	135	90	125	4
492	ShayminLand Forme	Grass	True	4	1600	100	100	100	100	100	100	4
492	ShayminSky Forme	Grass	True	4	1546	100	103	75	120	75	127	4
493	Arceus	Normal	True	4	1920	120	120	120	120	120	120	4
494	Victini	Psychic	True	5	1600	100	100	100	100	100	100	5
495	Snivy	Grass	False	5	798	45	45	55	45	55	63	5
496	Servine	Grass	False	5	1073	60	60	75	60	75	83	5
497	Serperior	Grass	False	5	1358	75	75	95	75	95	113	5
498	Tepig	Fire	False	5	834	65	63	45	45	45	45	5
499	Pignite	Fire	False	5	1144	90	93	55	70	55	55	5
500	Emboar	Fire	False	5	1454	110	123	65	100	65	65	5
501	Oshawott	Water	False	5	834	55	55	45	63	45	45	5
502	Dewott	Water	False	5	1119	75	75	60	83	60	60	5
503	Samurott	Water	False	5	1444	95	100	85	108	70	70	5
504	Patrat	Normal	False	5	681	45	55	39	35	39	42	5
505	Watchog	Normal	False	5	1106	60	85	69	60	69	77	5
506	Lillipup	Normal	False	5	715	45	60	45	25	45	55	5
507	Herdier	Normal	False	5	990	65	80	65	35	65	60	5
508	Stoutland	Normal	False	5	1340	85	110	90	45	90	80	5
509	Purrloin	Dark	False	5	711	41	50	37	50	37	66	5
510	Liepard	Dark	False	5	1126	64	88	50	88	50	106	5
511	Pansage	Grass	False	5	820	50	53	48	53	48	64	5
512	Simisage	Grass	False	5	1292	75	98	63	98	63	101	5
513	Pansear	Fire	False	5	820	50	53	48	53	48	64	5
514	Simisear	Fire	False	5	1292	75	98	63	98	63	101	5
515	Panpour	Water	False	5	820	50	53	48	53	48	64	5
516	Simipour	Water	False	5	1292	75	98	63	98	63	101	5
517	Munna	Psychic	False	5	828	76	25	45	67	55	24	5
518	Musharna	Psychic	False	5	1403	116	55	85	107	95	29	5
519	Pidove	Normal	False	5	706	50	55	50	36	30	43	5
520	Tranquill	Normal	False	5	944	62	77	62	50	42	65	5
521	Unfezant	Normal	False	5	1278	80	115	80	65	55	93	5
522	Blitzle	Electric	False	5	733	45	60	32	50	32	76	5
523	Zebstrika	Electric	False	5	1259	75	100	63	80	63	116	5
524	Roggenrola	Rock	False	5	810	55	75	85	25	25	15	5
525	Boldore	Rock	False	5	1130	70	105	105	50	40	20	5
526	Gigalith	Rock	False	5	1495	85	135	130	60	80	25	5
527	Woobat	Psychic	False	5	795	55	45	43	55	43	72	5
528	Swoobat	Psychic	False	5	1047	67	57	55	77	55	114	5
529	Drilbur	Ground	False	5	848	60	85	40	30	45	68	5
530	Excadrill	Ground	False	5	1348	110	135	60	50	65	88	5
531	Audino	Normal	False	5	1235	103	60	86	60	86	50	5
531	AudinoMega Audino	Normal	False	5	1535	103	60	126	80	126	50	5
532	Timburr	Fighting	False	5	845	75	80	55	25	35	35	5
533	Gurdurr	Fighting	False	5	1135	85	105	85	40	50	40	5
534	Conkeldurr	Fighting	False	5	1425	105	140	95	55	65	45	5
535	Tympole	Water	False	5	754	50	50	40	50	40	64	5
536	Palpitoad	Water	False	5	1014	75	65	55	65	55	69	5
537	Seismitoad	Water	False	5	1379	105	95	75	85	75	74	5
538	Throh	Fighting	False	5	1305	120	100	85	30	85	45	5
539	Sawk	Fighting	False	5	1225	75	125	75	30	75	85	5
540	Sewaddle	Bug	False	5	846	45	53	70	40	60	42	5
541	Swadloon	Bug	False	5	1056	55	63	90	50	80	42	5
542	Leavanny	Bug	False	5	1316	75	103	80	70	80	92	5
543	Venipede	Bug	False	5	666	30	45	59	30	39	57	5
544	Whirlipede	Bug	False	5	986	40	55	99	40	79	47	5
545	Scolipede	Bug	False	5	1231	60	100	89	55	69	112	5
546	Cottonee	Grass	False	5	708	40	27	60	37	50	66	5
547	Whimsicott	Grass	False	5	1208	60	67	85	77	75	116	5
548	Petilil	Grass	False	5	780	45	35	50	70	50	30	5
549	Lilligant	Grass	False	5	1260	70	60	75	110	75	90	5
550	Basculin	Water	False	5	1184	70	92	65	80	55	98	5
551	Sandile	Ground	False	5	746	50	72	35	35	35	65	5
552	Krokorok	Ground	False	5	905	60	82	45	45	45	74	5
553	Krookodile	Ground	False	5	1373	95	117	80	65	70	92	5
554	Darumaka	Fire	False	5	845	70	90	45	15	45	50	5
555	DarmanitanStandard Mode	Fire	False	5	1250	105	140	55	30	55	95	5
555	DarmanitanZen Mode	Fire	False	5	1510	105	30	105	140	105	55	5
556	Maractus	Grass	False	5	1263	75	86	67	106	67	60	5
557	Dwebble	Bug	False	5	865	50	65	85	35	35	55	5
558	Crustle	Bug	False	5	1335	70	95	125	65	75	45	5
559	Scraggy	Dark	False	5	948	50	75	70	35	70	48	5
560	Scrafty	Dark	False	5	1348	65	90	115	45	115	58	5
561	Sigilyph	Psychic	False	5	1276	72	58	80	103	80	97	5
562	Yamask	Ghost	False	5	849	38	30	85	55	65	30	5
563	Cofagrigus	Ghost	False	5	1389	58	50	145	95	105	30	5
564	Tirtouga	Water	False	5	1021	54	78	103	53	45	22	5
565	Carracosta	Water	False	5	1421	74	108	133	83	65	32	5
566	Archen	Rock	False	5	1063	55	112	45	74	45	70	5
567	Archeops	Rock	False	5	1481	75	140	65	112	65	110	5
568	Trubbish	Poison	False	5	857	50	50	62	40	62	65	5
569	Garbodor	Poison	False	5	1272	80	95	82	60	82	75	5
570	Zorua	Dark	False	5	860	40	65	40	80	40	65	5
571	Zoroark	Dark	False	5	1320	60	105	60	120	60	105	5
572	Minccino	Normal	False	5	750	55	50	40	40	40	75	5
573	Cinccino	Normal	False	5	1180	75	95	60	65	60	115	5
574	Gothita	Psychic	False	5	780	45	30	50	55	65	45	5
575	Gothorita	Psychic	False	5	1060	60	45	70	75	85	55	5
576	Gothitelle	Psychic	False	5	1340	70	55	95	95	110	65	5
577	Solosis	Psychic	False	5	830	45	30	40	105	50	20	5
578	Duosion	Psychic	False	5	1050	65	40	50	125	60	30	5
579	Reuniclus	Psychic	False	5	1410	110	65	75	125	85	30	5
580	Ducklett	Water	False	5	805	62	44	50	44	50	55	5
581	Swanna	Water	False	5	1223	75	87	63	87	63	98	5
582	Vanillite	Ice	False	5	827	36	50	50	65	60	44	5
583	Vanillish	Ice	False	5	1067	51	65	65	80	75	59	5
584	Vanilluxe	Ice	False	5	1447	71	95	85	110	95	79	5
585	Deerling	Normal	False	5	855	60	60	50	40	50	75	5
586	Sawsbuck	Normal	False	5	1235	80	100	70	60	70	95	5
587	Emolga	Electric	False	5	1078	55	75	60	75	60	103	5
588	Karrablast	Bug	False	5	825	50	75	45	40	45	60	5
589	Escavalier	Bug	False	5	1445	70	135	105	60	105	20	5
590	Foongus	Grass	False	5	852	69	55	45	55	55	15	5
591	Amoonguss	Grass	False	5	1332	114	85	70	85	80	30	5
592	Frillish	Water	False	5	925	55	40	50	65	85	40	5
593	Jellicent	Water	False	5	1320	100	60	70	85	105	60	5
594	Alomomola	Water	False	5	1280	165	75	80	40	45	65	5
595	Joltik	Bug	False	5	827	50	47	50	57	50	65	5
596	Galvantula	Bug	False	5	1200	70	77	60	97	60	108	5
597	Ferroseed	Grass	False	5	895	44	50	91	24	86	10	5
598	Ferrothorn	Grass	False	5	1427	74	94	131	54	116	20	5
599	Klink	Steel	False	5	840	40	55	70	45	60	30	5
600	Klang	Steel	False	5	1220	60	80	95	70	85	50	5
601	Klinklang	Steel	False	5	1380	60	100	115	70	85	90	5
602	Tynamo	Electric	False	5	705	35	55	40	45	40	60	5
603	Eelektrik	Electric	False	5	1135	65	85	70	75	70	40	5
604	Eelektross	Electric	False	5	1445	85	115	80	105	80	50	5
605	Elgyem	Psychic	False	5	945	55	55	55	85	55	30	5
606	Beheeyem	Psychic	False	5	1375	75	75	75	125	95	40	5
607	Litwick	Ghost	False	5	785	50	30	55	65	55	20	5
608	Lampent	Ghost	False	5	1000	60	40	60	95	60	55	5
609	Chandelure	Ghost	False	5	1400	60	55	90	145	90	80	5
610	Axew	Dragon	False	5	846	46	87	60	30	40	57	5
611	Fraxure	Dragon	False	5	1096	66	117	70	40	50	67	5
612	Haxorus	Dragon	False	5	1426	76	147	90	60	70	97	5
613	Cubchoo	Ice	False	5	835	55	70	40	60	40	40	5
614	Beartic	Ice	False	5	1355	95	110	80	70	80	50	5
615	Cryogonal	Ice	False	5	1245	70	50	30	95	135	105	5
616	Shelmet	Bug	False	5	865	50	40	85	40	65	25	5
617	Accelgor	Bug	False	5	1195	80	70	40	100	60	145	5
618	Stunfisk	Ground	False	5	1349	109	66	84	81	99	32	5
619	Mienfoo	Fighting	False	5	920	45	85	50	55	50	65	5
620	Mienshao	Fighting	False	5	1320	65	125	60	95	60	105	5
621	Druddigon	Dragon	False	5	1359	77	120	90	60	90	48	5
622	Golett	Ground	False	5	839	59	74	50	35	50	35	5
623	Golurk	Ground	False	5	1339	89	124	80	55	80	55	5
624	Pawniard	Dark	False	5	900	45	85	70	40	40	60	5
625	Bisharp	Dark	False	5	1330	65	125	100	60	70	70	5
626	Bouffalant	Normal	False	5	1360	95	110	95	40	95	55	5
627	Rufflet	Normal	False	5	930	70	83	50	37	50	60	5
628	Braviary	Normal	False	5	1370	100	123	75	57	75	80	5
629	Vullaby	Dark	False	5	990	70	55	75	45	65	60	5
630	Mandibuzz	Dark	False	5	1370	110	65	105	55	95	80	5
631	Heatmor	Fire	False	5	1322	85	97	66	105	66	65	5
632	Durant	Bug	False	5	1234	58	109	112	48	48	109	5
633	Deino	Dark	False	5	824	52	65	50	45	50	38	5
634	Zweilous	Dark	False	5	1144	72	85	70	65	70	58	5
635	Hydreigon	Dark	False	5	1604	92	105	90	125	90	98	5
636	Larvesta	Bug	False	5	960	55	85	55	50	55	60	5
637	Volcarona	Bug	False	5	1450	85	60	65	135	105	100	5
638	Cobalion	Steel	True	5	1524	91	90	129	90	72	108	5
639	Terrakion	Rock	True	5	1524	91	129	90	72	90	108	5
640	Virizion	Grass	True	5	1524	91	90	72	90	129	108	5
641	TornadusIncarnate Forme	Flying	True	5	1518	79	115	70	125	80	111	5
641	TornadusTherian Forme	Flying	True	5	1498	79	100	80	110	90	121	5
642	ThundurusIncarnate Forme	Electric	True	5	1518	79	115	70	125	80	111	5
642	ThundurusTherian Forme	Electric	True	5	1538	79	105	70	145	80	101	5
643	Reshiram	Dragon	True	5	1860	100	120	100	150	120	90	5
644	Zekrom	Dragon	True	5	1860	100	150	120	120	100	90	5
645	LandorusIncarnate Forme	Ground	True	5	1598	89	125	90	115	80	101	5
645	LandorusTherian Forme	Ground	True	5	1618	89	145	90	105	80	91	5
646	Kyurem	Dragon	True	5	1790	125	130	90	130	90	95	5
646	KyuremBlack Kyurem	Dragon	True	5	1910	125	170	100	120	90	95	5
646	KyuremWhite Kyurem	Dragon	True	5	1910	125	120	90	170	100	95	5
647	KeldeoOrdinary Forme	Water	False	5	1524	91	72	90	129	90	108	5
647	KeldeoResolute Forme	Water	False	5	1524	91	72	90	129	90	108	5
648	MeloettaAria Forme	Normal	False	5	1620	100	77	77	128	128	90	5
648	MeloettaPirouette Forme	Normal	False	5	1544	100	128	90	77	77	128	5
649	Genesect	Bug	False	5	1602	71	120	95	120	95	99	5
650	Chespin	Grass	False	6	863	56	61	65	48	45	38	6
651	Quilladin	Grass	False	6	1101	61	78	95	56	58	57	6
652	Chesnaught	Grass	False	6	1462	88	107	122	74	75	64	6
653	Fennekin	Fire	False	6	801	40	45	40	62	60	60	6
654	Braixen	Fire	False	6	1081	59	59	58	90	70	73	6
655	Delphox	Fire	False	6	1394	75	69	72	114	100	104	6
656	Froakie	Water	False	6	800	41	56	40	62	44	71	6
657	Frogadier	Water	False	6	1021	54	63	52	83	56	97	6
658	Greninja	Water	False	6	1346	72	95	67	103	71	122	6
659	Bunnelby	Normal	False	6	597	38	36	38	32	36	57	6
660	Diggersby	Normal	False	6	1113	85	56	77	50	77	78	6
661	Fletchling	Normal	False	6	710	45	50	43	40	38	62	6
662	Fletchinder	Fire	False	6	978	62	73	55	56	52	84	6
663	Talonflame	Fire	False	6	1245	78	81	71	74	69	126	6
664	Scatterbug	Bug	False	6	530	38	35	40	27	25	35	6
665	Spewpa	Bug	False	6	581	45	22	60	27	30	29	6
666	Vivillon	Bug	False	6	1055	80	52	50	90	50	89	6
667	Litleo	Fire	False	6	963	62	50	58	73	54	72	6
668	Pyroar	Fire	False	6	1309	86	68	72	109	66	106	6
669	Flabébé	Fairy	False	6	825	44	38	39	61	79	42	6
670	Floette	Fairy	False	6	1009	54	45	47	75	98	52	6
671	Florges	Fairy	False	6	1506	78	65	68	112	154	75	6
672	Skiddo	Grass	False	6	946	66	65	48	62	57	52	6
673	Gogoat	Grass	False	6	1457	123	100	62	97	81	68	6
674	Pancham	Fighting	False	6	958	67	82	62	46	48	43	6
675	Pangoro	Fighting	False	6	1369	95	124	78	69	71	58	6
676	Furfrou	Normal	False	6	1212	75	80	60	65	90	102	6
677	Espurr	Psychic	False	6	929	62	48	54	63	60	68	6
678	MeowsticMale	Psychic	False	6	1190	74	48	76	83	81	104	6
678	MeowsticFemale	Psychic	False	6	1190	74	48	76	83	81	104	6
679	Honedge	Steel	False	6	919	45	80	100	35	37	28	6
680	Doublade	Steel	False	6	1274	59	110	150	45	49	35	6
681	AegislashBlade Forme	Steel	False	6	1440	60	150	50	150	50	60	6
681	AegislashShield Forme	Steel	False	6	1440	60	50	150	50	150	60	6
682	Spritzee	Fairy	False	6	977	78	52	60	63	65	23	6
683	Aromatisse	Fairy	False	6	1328	101	72	72	99	89	29	6
684	Swirlix	Fairy	False	6	925	62	48	66	59	57	49	6
685	Slurpuff	Fairy	False	6	1296	82	80	86	85	75	72	6
686	Inkay	Dark	False	6	774	53	54	53	37	46	45	6
687	Malamar	Dark	False	6	1300	86	92	88	68	75	73	6
688	Binacle	Rock	False	6	818	42	52	67	39	56	50	6
689	Barbaracle	Rock	False	6	1364	72	105	115	54	86	68	6
690	Skrelp	Poison	False	6	900	50	60	60	60	60	30	6
691	Dragalge	Poison	False	6	1394	65	75	90	97	123	44	6
692	Clauncher	Water	False	6	902	50	53	62	58	63	44	6
693	Clawitzer	Water	False	6	1382	71	73	88	120	89	59	6
694	Helioptile	Electric	False	6	727	44	38	33	61	43	70	6
695	Heliolisk	Electric	False	6	1225	62	55	52	109	94	109	6
696	Tyrunt	Rock	False	6	990	58	89	77	45	45	48	6
697	Tyrantrum	Rock	False	6	1421	82	121	119	69	59	71	6
698	Amaura	Rock	False	6	994	77	59	50	67	63	46	6
699	Aurorus	Rock	False	6	1447	123	77	72	99	92	58	6
700	Sylveon	Fairy	False	6	1455	95	65	65	110	130	60	6
701	Hawlucha	Fighting	False	6	1264	78	92	75	74	63	118	6
702	Dedenne	Electric	False	6	1091	67	58	57	81	67	101	6
703	Carbink	Rock	False	6	1400	50	50	150	50	150	50	6
704	Goomy	Dragon	False	6	820	45	50	35	55	75	40	6
705	Sliggoo	Dragon	False	6	1236	68	75	53	83	113	60	6
706	Goodra	Dragon	False	6	1640	90	100	70	110	150	80	6
707	Klefki	Steel	False	6	1260	57	80	91	80	87	75	6
708	Phantump	Ghost	False	6	851	43	70	48	50	60	38	6
709	Trevenant	Ghost	False	6	1310	85	110	76	65	82	56	6
710	PumpkabooAverage Size	Ghost	False	6	903	49	66	70	44	55	51	6
710	PumpkabooSmall Size	Ghost	False	6	893	44	66	70	44	55	56	6
710	PumpkabooLarge Size	Ghost	False	6	913	54	66	70	44	55	46	6
710	PumpkabooSuper Size	Ghost	False	6	923	59	66	70	44	55	41	6
711	GourgeistAverage Size	Ghost	False	6	1314	65	90	122	58	75	84	6
711	GourgeistSmall Size	Ghost	False	6	1284	55	85	122	58	75	99	6
711	GourgeistLarge Size	Ghost	False	6	1344	75	95	122	58	75	69	6
711	GourgeistSuper Size	Ghost	False	6	1374	85	100	122	58	75	54	6
712	Bergmite	Ice	False	6	856	55	69	85	32	35	28	6
713	Avalugg	Ice	False	6	1486	95	117	184	44	46	28	6
714	Noibat	Flying	False	6	625	40	30	35	45	40	55	6
715	Noivern	Flying	False	6	1359	85	70	80	97	80	123	6
716	Xerneas	Fairy	True	6	1842	126	131	95	131	98	99	6
717	Yveltal	Dark	True	6	1842	126	131	95	131	98	99	6
718	Zygarde50% Forme	Dragon	True	6	1610	108	100	121	81	95	95	6
719	Diancie	Rock	True	6	1700	50	100	150	100	150	50	6
719	DiancieMega Diancie	Rock	True	6	1880	50	160	110	160	110	110	6
720	HoopaHoopa Confined	Psychic	True	6	1660	80	110	60	150	130	70	6
720	HoopaHoopa Unbound	Psychic	True	6	1880	80	160	60	170	130	80	6
721	Volcanion	Fire	True	6	1660	80	110	120	130	90	70	6
